0_stre.jpg	stre
1_commentation.jpg	commentation
2_fluoridized.jpg	fluoridized
3_harpagon.jpg	harpagon
4_ephahs.jpg	ephahs
5_subsensation.jpg	subsensation
6_furciferous.jpg	furciferous
7_twittle.jpg	twittle
8_photo's.jpg	photo's
9_collatress.jpg	collatress
10_tanak.jpg	tanak
11_hind-calf.jpg	hind-calf
12_tonneaus.jpg	tonneaus
13_pedregal.jpg	pedregal
14_quasi-prophetic.jpg	quasi-prophetic
15_Hiroshima.jpg	Hiroshima
16_Opis.jpg	Opis
17_forklike.jpg	forklike
18_bulleting.jpg	bulleting
19_log's.jpg	log's
20_shallowbrained.jpg	shallowbrained
21_desmosome.jpg	desmosome
22_Drances.jpg	Drances
23_oiticicas.jpg	oiticicas
24_salutatorium.jpg	salutatorium
25_amidide.jpg	amidide
26_Inghamite.jpg	Inghamite
27_Randolf.jpg	Randolf
28_christmases.jpg	christmases
29_cerevis.jpg	cerevis
30_intertrochanteric.jpg	intertrochanteric
31_interoceptor.jpg	interoceptor
32_clinographic.jpg	clinographic
33_acronyms.jpg	acronyms
34_crustiness.jpg	crustiness
35_Hodeida.jpg	Hodeida
36_banderilleros.jpg	banderilleros
37_hypersthenia.jpg	hypersthenia
38_uvulars.jpg	uvulars
39_lackadaisicality.jpg	lackadaisicality
40_Arioi.jpg	Arioi
41_hematologic.jpg	hematologic
42_agonizingly.jpg	agonizingly
43_young-bladed.jpg	young-bladed
44_in-calf.jpg	in-calf
45_whosesoever.jpg	whosesoever
46_twitchily.jpg	twitchily
47_gladship.jpg	gladship
48_acrylaldehyde.jpg	acrylaldehyde
49_wallflower.jpg	wallflower
